{
    "loss": 0.7479588389396667,
    "accuracy": 0.6800000071525574
}